source_id,source_type,citation_title,year,url_or_local_file,supports,reliability_use,status,notes,source_sheet,source_row
S01,Government,Australian commercial office reference archetype / Pathway to 2020 analysis (10-storey office form),2011,https://www.energy.gov.au/sites/default/files/pathway-2020-increase-stringency-new-building-energy-efficiency-standards-benefit-cost-analysis-residential-update-2016.pdf,"Storeys, GFA, NLA, plan ratio, floor-to-floor height",Primary geometry source,ACTIVE,Use reference-archetype values; not a claim about a specific Melbourne building.,Sources_Register,5
S02,Government / NCC,NCC climate-zone listing / Melbourne = Climate Zone 6,2022,https://ncc.abcb.gov.au/editions/ncc-2022/adopted/volume-two/1-definitions/glossary,Location climate zone,Primary climate classification,ACTIVE,Melbourne listed as Zone 6.,Sources_Register,6
S03,Peer-reviewed conference paper,Cost Effective Energy Savings in Australian Commercial Buildings — office glazing details,2013,https://wbc2013.apps.qut.edu.au/papers/cibwbc2013_submission_105.pdf,Climate Zone 6 external WWR = 25% for the referenced office model,Archetype-specific WWR support,ACTIVE,Do not generalise 25% WWR to all Melbourne offices.,Sources_Register,7
S04,IEA PVPS / technical guideline,Methodology Guidelines on Life Cycle Assessment of Photovoltaic Electricity,2020,https://iea-pvps.org/wp-content/uploads/2020/07/IEA_Task12_LCA_Guidelines.pdf,"30-year module life, 15-year inverter reference, façade/support life",Primary lifecycle reference,ACTIVE,BIPV module life may exceed 30 years; 30 is recommended for comparability.,Sources_Register,8
S05,IEA PVPS / technical fact sheet,Task 12 LCA update / PV lifecycle fact sheet,2022,https://www.iea-pvps.org/wp-content/uploads/2022/11/Fact-Sheet-IEA-PVPS-T12-23-LCA-update-2022.pdf,"0.7%/yr degradation, 0.5% and 0.9% sensitivity examples",Primary degradation reference,ACTIVE,Use consistently with lifetime-yield model.,Sources_Register,9
S06,Government,Commercial Buildings Low-Energy Trajectory — real discount rates,2022,https://www.energy.gov.au/sites/default/files/2022-03/DISER%20Trajectory%20Final%20Report%20V2.75%20WCAG%20%28no%20appendices%29.pdf,7% real discount rate; 3% and 10% sensitivity,Primary economic discounting source,ACTIVE,Convert all costs to common real 2026 AUD before discounting.,Sources_Register,10
S07,Software documentation,pvlib SAPM module/cell temperature model documentation,2026,https://pvlib-python.readthedocs.io/en/stable/reference/generated/pvlib.temperature.sapm_module.html,Mounting-sensitive SAPM parameters for glass/glass open-rack and close-mount cases,Model parameter source,ACTIVE,Use as proxies/bounds; do not claim open-rack equals a ventilated rainscreen cavity.,Sources_Register,11
S08,Peer-reviewed / internal uploaded source,"Hosseini (2026), Project-to-system circularity framework, RSER 241, 117237",2026,https://doi.org/10.1016/j.rser.2026.117237,PSCF dimensions and qualitative-comparative method rule,Primary circularity-framework source,ACTIVE,PSCF is not a native quantitative scoring system.,Sources_Register,12
S09,Internal uploaded source,APSRC_2026_Extended_Abstract_FINAL.docx,2026,Local file: /mnt/data/APSRC_2026_Extended_Abstract_FINAL.docx,"Original submitted framing, A/B/C design, lifecycle/Pareto scope",Baseline version for revision traceability,ACTIVE,Retained for before/after comparison.,Sources_Register,13
RD2,Controlled design artifact,APSRC Research Design v2.0 LOCK,2026,Local file: /mnt/data/APSRC_Research_Design_v2.0_LOCK.docx,"Factorial design, scope, orientation, analysis and structural sensitivity decisions",Internal controlled source,ACTIVE,Substantive changes require v2.1+.,Sources_Register,14
S10,Weather repository,"Climate.OneBuilding — Australia/Victoria TMYx index; Melbourne Regional Office 948680, 2011–2025",2026,https://climate.onebuilding.org/WMO_Region_5_Southwest_Pacific/AUS_Australia/,Exact Melbourne TMYx EPW filename and availability,Hourly weather-file source,ACTIVE,Use AUS_VIC_Melbourne.RO.948680_TMYx.2011-2025.epw.,Sources_Register,15
S11,Weather methodology,Lawrie & Crawley / Climate.OneBuilding TMYx source methodology,2026,https://climate.onebuilding.org/sources/default.html,TMYx construction; ISD meteorology; ERA5 solar; ISO 15927-4 methodology,Weather-method provenance,ACTIVE,2026 release includes 2011–2025 TMYx files.,Sources_Register,16
S12,Manufacturer,ClearVue Global Solar Façade Brochure — High Efficiency Spandrel specifications,2025,https://www.clearvuepv.com/wp-content/uploads/2025/09/ClearVue-Global-Solar-Facade-Brochure.pdf,370 W Pmax; 1767×1040 mm; 20.1% module efficiency; −0.42%/°C Pmax coefficient; glass-glass construction,Primary BIPV electrical reference,ACTIVE,Reference product edition is kept internally consistent rather than mixing parameters from newer product generations.,Sources_Register,17
S13,Manufacturer,ClearVue Solar Cladding & Spandrel current product page,2026,https://www.clearvuepv.com/solar-cladding-spandrel/,Current Australian product-family context; façade/spandrel use; warranties; certifications,Current market/context check,ACTIVE,ClearVue HQ is in West Perth; page documents Australian façade projects and current product family.,Sources_Register,18
S14,Software documentation,pvlib get_total_irradiance / Perez-Driesse transposition documentation,2026,https://pvlib-python.readthedocs.io/en/stable/reference/generated/pvlib.irradiance.get_total_irradiance.html,"Vertical-plane POA irradiance, surface azimuth convention, Perez-Driesse model",Primary irradiance-model reference,ACTIVE,Perez-Driesse provides a continuous reformulation of Perez diffuse transposition.,Sources_Register,19
S15,NREL / PVWatts,PVWatts system-design and losses documentation,2026,https://samrepo.nrel.gov/help/pvwatts_system_design.html,Loss categories/defaults; zero age when degradation modelled; zero availability when separately modelled; PVWatts modelling conventions,Primary non-temperature loss reference,ACTIVE,Baseline excludes site-specific shading and separately models lifecycle availability/degradation to prevent double counting.,Sources_Register,20
S16,Manufacturer (Australia),Fronius Tauro ECO 50/100 kW commercial inverter technical data,2026,https://www.fronius.com/en-au/australia/solar-energy/installers-partners/technical-data/all-products/inverters/fronius-tauro-eco/tauro-eco-50-3-d,50–100 kW commercial inverter family; 98.5% maximum efficiency; AS/NZS 4777 compliance,Primary inverter reference,ACTIVE,Aggregate 150 kWac reference configuration uses 100 + 50 kW class units.,Sources_Register,21
S18,IEA PVPS / technical report,Compilation and Analysis of User Needs for BIPV and its Functions — IEA PVPS T15-06:2019,2019,https://iea-pvps.org/wp-content/uploads/2020/02/IEA_PVPS_Task_15_STC_C1_Report_20190216.pdf,Annual BIPV inspection/maintenance; continuous monitoring; accessibility; single-module replacement; BIPV lifetime expectancy commonly ~25–35 years (sometimes 30–40),Primary BIPV O&M guidance,ACTIVE,Primary BIPV O&M/service-life guidance. Used for maintenance structure and the 25/30/35-year sensitivity; not an actuarial failure-rate source.,Sources_Register,22
S19,Peer-reviewed,"Lillo-Bravo et al., Impact of Energy Losses Due to Failures on Photovoltaic Plant Energy Balance, Energies 11(2):363",2018,https://doi.org/10.3390/en11020363,Field failure rates across 15 PV plants; 0.00034081 failures/(year·module); failure-energy-loss and repair-time context,Transferred field reliability source,ACTIVE,Not BIPV-specific; authors note failure rates vary strongly by plant/component. Used only as a provisional transfer baseline with wide sensitivity.,Sources_Register,23
S20,Manufacturer,ClearVue Solar Cladding & Spandrel — certifications and warranty,2026,https://www.clearvuepv.com/solar-cladding-spandrel/,12-year product warranty; 30-year performance warranty; façade/BIPV product context,Reference-product warranty evidence,ACTIVE,Warranty periods are not treated as actuarial service life or failure rates.,Sources_Register,24
S21,NREL / technical report,Best Practices for Operation and Maintenance of Photovoltaic and Energy Storage Systems; 3rd Edition,2018,https://www.nrel.gov/docs/fy19osti/73822.pdf,"Corrective-maintenance response guidance; non-safety corrective service typically ≤10 days; O&M heuristics ~0.35% observed for large grid-connected reference, ~0.5% recommended for large systems and ~1% for small systems",Repair-response bound,ACTIVE,Used to bound downtime and O&M-rate sensitivity; not a BIPV-specific contractor-price distribution.,Sources_Register,25
S22,Manufacturer / commercial contract,ClearVue — Rio Business Centre BIPV retrofit contract,2026,https://investorpa.com/announcement-pdf/20260521/295461.pdf,"Approx. A$305,000 contract; >800 m² BIPV glazing/framing; ~169 kW",Current BIPV market-intensity benchmark,ACTIVE,"Supply of BIPV glass, framing system and electrical design; not an installed-price quote for the modelled spandrel product.",Sources_Register,26
S23,Manufacturer / commercial contract,ClearVue — Canva Headquarters binding subcontract / FY26 Q4 project update,2026,https://investors.clearvuepv.com/announcements/7660225,"Approx. A$600,000 project value; >660 m²; mixed Solar Skylight, Solar Balustrade and rooftop products",Upper/current project-intensity benchmark,ACTIVE,"Mixed product/scope; used only to bound project-scale cost intensity, not as a precise spandrel unit price.",Sources_Register,27
S24,Peer-reviewed,"Albinius et al., A Comprehensive Case Study of a Full-Size BIPV Facade, Energies 18(5):1293",2025,https://www.mdpi.com/1996-1073/18/5/1293,PV façade cost and substructure/cassette cost components; 621 €/m² PV façade; 16.3+26.1 €/m² complexity items,Transferred ventilated-façade complexity factor,ACTIVE,Used as a ratio (~6.8%) to avoid currency transfer; not an Australian market premium.,Sources_Register,28
S25,Peer-reviewed,Gholami et al. / BIPV LCOE input parameters,2021,https://www.mdpi.com/1996-1073/14/9/2531,O&M = 0.5% of initial investment; inverter replacement = 10% of initial investment; 30-year BIPV life,Transferred lifecycle-cost benchmark,ACTIVE,"European benchmark; used transparently as transferred evidence, not Australia-specific pricing.",Sources_Register,29
S26,Australian research / industry,UNSW / ACAP Solar Panel End-of-Life Management in Australia,2024,https://www.unsw.edu.au/newsroom/news/2024/03/Bigger-better-solar-panel-recycling-centres-needed-deal-PV-waste-report,"PV recycling incl. transport ~A$500–1,000/t at ~5,000 t/yr scale",Primary Australian EoL service-cost range,ACTIVE,All-in range already includes transport; do not add separate baseline transport cost.,Sources_Register,30
S27,Government,Recycling Victoria Circular Economy Market Report 2025 — solar panels,2025,https://www.vic.gov.au/sites/default/files/2025-11/RV_Circular-Economy-Market-Report-2025_2_Performance-by-Material.pdf,Current recycling cost ~A$28/panel; potential recovered-material value A$22.60 per typical 20-kg panel,EoL cross-check and gross recovery-value source,ACTIVE,"Gross material value is potential value, not guaranteed owner revenue.",Sources_Register,31
S28,Public expert evidence / media,ABC Landline — solar panel recycling logistics cost share,2026,https://www.abc.net.au/news/2026-08-17/solar-panel-waste-growing-recycling-fee-proposed/107023182,Transport estimated at ~10–15% of recycling costs,EoL cost decomposition,ACTIVE,"Used only to interpret the all-in recycling fee, not added separately.",Sources_Register,32
S29,Government modelling report,Clean Energy Regulator / Jacobs — Mid-scale Solar PV System Projections,2025,https://cer.gov.au/document/mid-scale-solar-pv-modelling-report-jacobs-july-2025,"2026 250-kW commercial PV capital cost A$310,500 (~A$1,242/kW)",Non-BIPV commercial PV context benchmark,ACTIVE,Context only; BIPV façade cost is more project-specific and complex.,Sources_Register,33
S30,Manufacturer,ClearVue Spandrel Double Glass PV Panels Installation Manual Rev 6,2025,https://www.clearvuepv.com/wp-content/uploads/2025/11/20251118-ClearVue-Spandrel-Double-Glass-PV-Panels-Installation-Manual-Rev6-TUV.pdf,Mechanical brackets/clamps; maintenance access; maintenance guidance; post-installation records; QR/nameplate traceability; ventilation guidance,Primary product implementation/maintenance evidence,ACTIVE,Manual documents installation and maintenance but does not provide a full product-level disassembly or selective replacement procedure.,Sources_Register,34
S31,Manufacturer,ClearVue documentation and Solar Cladding & Spandrel product page,2026,https://www.clearvuepv.com/documentation/,"Public warranty, installation and datasheet availability; 12-year product / 30-year performance warranty; current product documentation",Primary institutional documentation source,ACTIVE,No public manufacturer take-back arrangement identified in reviewed documentation as of Oct 2026.,Sources_Register,35
S32,Australian Government,DCCEEW — National Solar Panel Recycling Pilot,2026,https://www.dcceew.gov.au/environment/protection/waste/solar-panels,National recycling pilot; high logistics/recycling costs; limited processing capacity; future stewardship evidence,Primary national contextual/institutional source,ACTIVE,Government states only a small number of EoL panels are recycled and the national long-term solution is still under development.,Sources_Register,36
S33,Australian Government,DCCEEW — Regulation for small electrical products and solar PV,2026,https://consult.dcceew.gov.au/regulation-small-electrical-products-solar-pv,Intent to develop regulatory product-stewardship scheme for solar PV,Institutional maturity source,ACTIVE,Consultation completed; not evidence of an already mature operating national scheme.,Sources_Register,37
S34,Victorian Government,Solar Victoria — How to manage end-of-life solar PV,2026,https://www.solar.vic.gov.au/manage-end-life-solar-pv,Victorian e-waste landfill ban; authorised recycler requirement; named specialist PV recyclers; AS 5377 guidance,Primary local recovery-access source,ACTIVE,"Lists Elecsome, Kilmany Resource Recovery Centre, Lotus Recycling and Sircel in Victoria.",Sources_Register,38
S35,Victorian Government,"Recycling Victoria — Circular Economy Market Report 2025, emerging materials / solar PV",2025,https://www.vic.gov.au/sites/default/files/2025-08/RV_Circular-Economy-Market-Report-2025_2.pdf,PV waste growth; current processing limitations; emerging Elecsome capacity; circularity barriers,Processing/market-maturity source,ACTIVE,Documents both emerging capacity and remaining lack of established/proven high-value processing maturity.,Sources_Register,39
S36,Victorian Government,Victorian photovoltaic panel systems material flow analysis,2022,https://www.sustainability.vic.gov.au/research-data-and-insights/research/research-reports/victorian-photovoltaic-panel-systems-material-flow-analysis,Potential >90% recovery with e-waste reprocessing; importance of end markets and logistics; processing capacity context,Recovery-capability source,ACTIVE,"Used to support partial contextual capability, not to assert closed-loop recovery for the specific BIPV product.",Sources_Register,40
S37,Victorian Government / CEBIC,Development of Solar PV Reuse Protocols and National Accreditation Training Program,2025,https://www.cebic.vic.gov.au/grants-funding-and-investment/funded-projects/development-of-solar-pv-reuse-protocols-and-national-accreditation-training-program,Australia's first solar-PV reuse protocols/training program under development,Reuse-maturity source,ACTIVE,Evidence of emerging reuse infrastructure rather than a mature national reuse market.,Sources_Register,41
S38,IEA PVPS / technical report,Modelling and Simulation of Installed BIPV Systems — Analysis of Electricity Yield and Module Temperature,2026,https://iea-pvps.org/key-topics/t15-modelling-simulation-bipv-analysis-2026/,BIPV temperature-modelling uncertainty; mounting/ventilation treatment; evidence that treating all BIPV as insulated-back is overly conservative,Primary temperature-model robustness source,ACTIVE,Supports mounting-specific primary modelling and the diagnostic equal-temperature structural control.,Sources_Register,42
